ProductKey,ProductCode,Sub Category,Product Category,Product Color,Product Size,Product Line,Prodcut Model Name,Product Status
1,AR-5381,NULL,NULL,NA,NULL,NULL,NULL,Current
2,BA-8327,NULL,NULL,NA,NULL,NULL,NULL,Current
3,BE-2349,NULL,NULL,NA,NULL,NULL,NULL,Current
4,BE-2908,NULL,NULL,NA,NULL,NULL,NULL,Current
5,BL-2036,NULL,NULL,NA,NULL,NULL,NULL,Current
6,CA-5965,NULL,NULL,Black,NULL,NULL,NULL,Current
7,CA-6738,NULL,NULL,Black,NULL,NULL,NULL,Current
8,CA-7457,NULL,NULL,Black,NULL,NULL,NULL,Current
9,CB-2903,NULL,NULL,Silver,NULL,NULL,NULL,Current
10,CN-6137,NULL,NULL,Silver,NULL,NULL,NULL,Current
11,CR-7833,NULL,NULL,Black,NULL,NULL,NULL,Current
12,CR-9981,NULL,NULL,NA,NULL,NULL,NULL,Current
13,CS-2812,NULL,NULL,NA,NULL,NULL,NULL,Current
14,DC-8732,NULL,NULL,NA,NULL,NULL,NULL,Current
15,DC-9824,NULL,NULL,NA,NULL,NULL,NULL,Current
16,DT-2377,NULL,NULL,NA,NULL,NULL,NULL,Current
17,EC-M092,NULL,NULL,NA,NULL,NULL,NULL,Current
18,EC-R098,NULL,NULL,NA,NULL,NULL,NULL,Current
19,EC-T209,NULL,NULL,NA,NULL,NULL,NULL,Current
20,FE-3760,NULL,NULL,NA,NULL,NULL,NULL,Current
21,FH-2981,NULL,NULL,Silver,NULL,NULL,NULL,Current
22,FW-1000,NULL,NULL,NA,NULL,NULL,NULL,Current
23,FW-1200,NULL,NULL,NA,NULL,NULL,NULL,Current
24,FW-1400,NULL,NULL,NA,NULL,NULL,NULL,Current
25,FW-3400,NULL,NULL,NA,NULL,NULL,NULL,Current
26,FW-3800,NULL,NULL,NA,NULL,NULL,NULL,Current
27,FW-5160,NULL,NULL,NA,NULL,NULL,NULL,Current
28,FW-5800,NULL,NULL,NA,NULL,NULL,NULL,Current
29,FW-7160,NULL,NULL,NA,NULL,NULL,NULL,Current
30,FW-9160,NULL,NULL,NA,NULL,NULL,NULL,Current
31,FC-3654,NULL,NULL,NA,NULL,NULL,NULL,Current
32,FC-3982,NULL,NULL,Silver,NULL,NULL,NULL,Current
33,FL-2301,NULL,NULL,Silver,NULL,NULL,NULL,Current
34,GP-0982,NULL,NULL,NA,NULL,NULL,NULL,Current
35,GT-0820,NULL,NULL,NA,NULL,NULL,NULL,Current
36,GT-1209,NULL,NULL,NA,NULL,NULL,NULL,Current
37,GT-2908,NULL,NULL,NA,NULL,NULL,NULL,Current
38,HJ-1213,NULL,NULL,NA,NULL,NULL,NULL,Current
39,HJ-1220,NULL,NULL,NA,NULL,NULL,NULL,Current
40,HJ-1420,NULL,NULL,NA,NULL,NULL,NULL,Current
41,HJ-1428,NULL,NULL,NA,NULL,NULL,NULL,Current
42,HJ-3410,NULL,NULL,NA,NULL,NULL,NULL,Current
43,HJ-3416,NULL,NULL,NA,NULL,NULL,NULL,Current
44,HJ-3816,NULL,NULL,NA,NULL,NULL,NULL,Current
45,HJ-3824,NULL,NULL,NA,NULL,NULL,NULL,Current
46,HJ-5161,NULL,NULL,NA,NULL,NULL,NULL,Current
47,HJ-5162,NULL,NULL,NA,NULL,NULL,NULL,Current
48,HJ-5811,NULL,NULL,NA,NULL,NULL,NULL,Current
49,HJ-5818,NULL,NULL,NA,NULL,NULL,NULL,Current
50,HJ-7161,NULL,NULL,NA,NULL,NULL,NULL,Current
51,HJ-7162,NULL,NULL,NA,NULL,NULL,NULL,Current
52,HJ-9080,NULL,NULL,NA,NULL,NULL,NULL,Current
53,HJ-9161,NULL,NULL,NA,NULL,NULL,NULL,Current
54,HN-1024,NULL,NULL,NA,NULL,NULL,NULL,Current
55,HN-1032,NULL,NULL,NA,NULL,NULL,NULL,Current
56,HN-1213,NULL,NULL,NA,NULL,NULL,NULL,Current
57,HN-1220,NULL,NULL,NA,NULL,NULL,NULL,Current
58,HN-1224,NULL,NULL,NA,NULL,NULL,NULL,Current
59,HN-1420,NULL,NULL,NA,NULL,NULL,NULL,Current
60,HN-1428,NULL,NULL,NA,NULL,NULL,NULL,Current
61,HN-3410,NULL,NULL,NA,NULL,NULL,NULL,Current
62,HN-3416,NULL,NULL,NA,NULL,NULL,NULL,Current
63,HN-3816,NULL,NULL,NA,NULL,NULL,NULL,Current
64,HN-3824,NULL,NULL,NA,NULL,NULL,NULL,Current
65,HN-4402,NULL,NULL,NA,NULL,NULL,NULL,Current
66,HN-5161,NULL,NULL,NA,NULL,NULL,NULL,Current
67,HN-5162,NULL,NULL,NA,NULL,NULL,NULL,Current
68,HN-5400,NULL,NULL,NA,NULL,NULL,NULL,Current
69,HN-5811,NULL,NULL,NA,NULL,NULL,NULL,Current
70,HN-5818,NULL,NULL,NA,NULL,NULL,NULL,Current
71,HN-6320,NULL,NULL,NA,NULL,NULL,NULL,Current
72,HN-7161,NULL,NULL,NA,NULL,NULL,NULL,Current
73,HN-7162,NULL,NULL,NA,NULL,NULL,NULL,Current
74,HN-8320,NULL,NULL,NA,NULL,NULL,NULL,Current
75,HN-9161,NULL,NULL,NA,NULL,NULL,NULL,Current
76,HN-9168,NULL,NULL,NA,NULL,NULL,NULL,Current
77,HT-2981,NULL,NULL,NA,NULL,NULL,NULL,Current
78,HT-8019,NULL,NULL,NA,NULL,NULL,NULL,Current
79,HU-6280,NULL,NULL,NA,NULL,NULL,NULL,Current
80,HU-8998,NULL,NULL,NA,NULL,NULL,NULL,Current
81,KW-4091,NULL,NULL,NA,NULL,NULL,NULL,Current
82,LE-1000,NULL,NULL,NA,NULL,NULL,NULL,Current
83,LE-1200,NULL,NULL,NA,NULL,NULL,NULL,Current
84,LE-1201,NULL,NULL,NA,NULL,NULL,NULL,Current
85,LE-1400,NULL,NULL,NA,NULL,NULL,NULL,Current
86,LE-3800,NULL,NULL,NA,NULL,NULL,NULL,Current
87,LE-5160,NULL,NULL,NA,NULL,NULL,NULL,Current
88,LE-6000,NULL,NULL,NA,NULL,NULL,NULL,Current
89,LE-7160,NULL,NULL,NA,NULL,NULL,NULL,Current
90,LE-8000,NULL,NULL,NA,NULL,NULL,NULL,Current
91,LI-1000,NULL,NULL,NA,NULL,NULL,NULL,Current
92,LI-1200,NULL,NULL,NA,NULL,NULL,NULL,Current
93,LI-1201,NULL,NULL,NA,NULL,NULL,NULL,Current
94,LI-1400,NULL,NULL,NA,NULL,NULL,NULL,Current
95,LI-3800,NULL,NULL,NA,NULL,NULL,NULL,Current
96,LI-5160,NULL,NULL,NA,NULL,NULL,NULL,Current
97,LI-5800,NULL,NULL,NA,NULL,NULL,NULL,Current
98,LI-6000,NULL,NULL,NA,NULL,NULL,NULL,Current
99,LI-7160,NULL,NULL,NA,NULL,NULL,NULL,Current
100,LI-8000,NULL,NULL,NA,NULL,NULL,NULL,Current
101,LJ-1213,NULL,NULL,NA,NULL,NULL,NULL,Current
102,LJ-1220,NULL,NULL,NA,NULL,NULL,NULL,Current
103,LJ-1420,NULL,NULL,NA,NULL,NULL,NULL,Current
104,LJ-1428,NULL,NULL,NA,NULL,NULL,NULL,Current
105,LJ-3410,NULL,NULL,NA,NULL,NULL,NULL,Current
106,LJ-3416,NULL,NULL,NA,NULL,NULL,NULL,Current
107,LJ-3816,NULL,NULL,NA,NULL,NULL,NULL,Current
108,LJ-3824,NULL,NULL,NA,NULL,NULL,NULL,Current
109,LJ-5161,NULL,NULL,NA,NULL,NULL,NULL,Current
110,LJ-5162,NULL,NULL,NA,NULL,NULL,NULL,Current
111,LJ-5811,NULL,NULL,NA,NULL,NULL,NULL,Current
112,LJ-5818,NULL,NULL,NA,NULL,NULL,NULL,Current
113,LJ-7161,NULL,NULL,NA,NULL,NULL,NULL,Current
114,LJ-7162,NULL,NULL,NA,NULL,NULL,NULL,Current
115,LJ-9080,NULL,NULL,NA,NULL,NULL,NULL,Current
116,LJ-9161,NULL,NULL,NA,NULL,NULL,NULL,Current
117,LN-1024,NULL,NULL,NA,NULL,NULL,NULL,Current
118,LN-1032,NULL,NULL,NA,NULL,NULL,NULL,Current
119,LN-1213,NULL,NULL,NA,NULL,NULL,NULL,Current
120,LN-1220,NULL,NULL,NA,NULL,NULL,NULL,Current
121,LN-1224,NULL,NULL,NA,NULL,NULL,NULL,Current
122,LN-1420,NULL,NULL,NA,NULL,NULL,NULL,Current
123,LN-1428,NULL,NULL,NA,NULL,NULL,NULL,Current
124,LN-3410,NULL,NULL,NA,NULL,NULL,NULL,Current
125,LN-3416,NULL,NULL,NA,NULL,NULL,NULL,Current
126,LN-3816,NULL,NULL,NA,NULL,NULL,NULL,Current
127,LN-3824,NULL,NULL,NA,NULL,NULL,NULL,Current
128,LN-4400,NULL,NULL,NA,NULL,NULL,NULL,Current
129,LN-5161,NULL,NULL,NA,NULL,NULL,NULL,Current
130,LN-5162,NULL,NULL,NA,NULL,NULL,NULL,Current
131,LN-5400,NULL,NULL,NA,NULL,NULL,NULL,Current
132,LN-5811,NULL,NULL,NA,NULL,NULL,NULL,Current
133,LN-5818,NULL,NULL,NA,NULL,NULL,NULL,Current
134,LN-6320,NULL,NULL,NA,NULL,NULL,NULL,Current
135,LN-7161,NULL,NULL,NA,NULL,NULL,NULL,Current
136,LN-7162,NULL,NULL,NA,NULL,NULL,NULL,Current
137,LN-8320,NULL,NULL,NA,NULL,NULL,NULL,Current
138,LN-9080,NULL,NULL,NA,NULL,NULL,NULL,Current
139,LN-9161,NULL,NULL,NA,NULL,NULL,NULL,Current
140,LR-2398,NULL,NULL,Silver,NULL,NULL,NULL,Current
141,LR-8520,NULL,NULL,NA,NULL,NULL,NULL,Current
142,LW-1000,NULL,NULL,NA,NULL,NULL,NULL,Current
143,LW-1200,NULL,NULL,NA,NULL,NULL,NULL,Current
144,LW-1201,NULL,NULL,NA,NULL,NULL,NULL,Current
145,LW-1400,NULL,NULL,NA,NULL,NULL,NULL,Current
146,LW-3400,NULL,NULL,NA,NULL,NULL,NULL,Current
147,LW-3800,NULL,NULL,NA,NULL,NULL,NULL,Current
148,LW-4000,NULL,NULL,NA,NULL,NULL,NULL,Current
149,LW-5160,NULL,NULL,NA,NULL,NULL,NULL,Current
150,LW-5800,NULL,NULL,NA,NULL,NULL,NULL,Current
151,LW-6000,NULL,NULL,NA,NULL,NULL,NULL,Current
152,LW-7160,NULL,NULL,NA,NULL,NULL,NULL,Current
153,LW-8000,NULL,NULL,NA,NULL,NULL,NULL,Current
154,LW-9160,NULL,NULL,NA,NULL,NULL,NULL,Current
155,MA-7075,NULL,NULL,NA,NULL,NULL,NULL,Current
156,MB-2024,NULL,NULL,NA,NULL,NULL,NULL,Current
157,MB-6061,NULL,NULL,NA,NULL,NULL,NULL,Current
158,MP-2066,NULL,NULL,NA,NULL,NULL,NULL,Current
159,MP-2503,NULL,NULL,NA,NULL,NULL,NULL,Current
160,MP-4960,NULL,NULL,NA,NULL,NULL,NULL,Current
161,MS-0253,NULL,NULL,NA,NULL,NULL,NULL,Current
162,MS-1256,NULL,NULL,NA,NULL,NULL,NULL,Current
163,MS-1981,NULL,NULL,NA,NULL,NULL,NULL,Current
164,MS-2259,NULL,NULL,NA,NULL,NULL,NULL,Current
165,MS-2341,NULL,NULL,NA,NULL,NULL,NULL,Current
166,MS-2348,NULL,NULL,NA,NULL,NULL,NULL,Current
167,MS-6061,NULL,NULL,NA,NULL,NULL,NULL,Current
168,MT-1000,NULL,NULL,NA,NULL,NULL,NULL,Current
169,NI-4127,NULL,NULL,NA,NULL,NULL,NULL,Current
170,NI-9522,NULL,NULL,NA,NULL,NULL,NULL,Current
171,PA-187B,NULL,NULL,NA,NULL,NULL,NULL,Current
172,PA-361R,NULL,NULL,NA,NULL,NULL,NULL,Current
173,PA-529S,NULL,NULL,NA,NULL,NULL,NULL,Current
174,PA-632U,NULL,NULL,NA,NULL,NULL,NULL,Current
175,PA-823Y,NULL,NULL,NA,NULL,NULL,NULL,Current
176,PB-6109,NULL,NULL,NA,NULL,NULL,NULL,Current
177,RA-2345,NULL,NULL,NA,NULL,NULL,NULL,Current
178,RA-7490,NULL,NULL,NA,NULL,NULL,NULL,Current
179,RF-9198,NULL,NULL,NA,NULL,NULL,NULL,Current
180,RM-M464,NULL,NULL,NA,NULL,NULL,NULL,Current
181,RM-M692,NULL,NULL,NA,NULL,NULL,NULL,Current
182,RM-M823,NULL,NULL,NA,NULL,NULL,NULL,Current
183,RM-R436,NULL,NULL,NA,NULL,NULL,NULL,Current
184,RM-R600,NULL,NULL,NA,NULL,NULL,NULL,Current
185,RM-R800,NULL,NULL,NA,NULL,NULL,NULL,Current
186,RM-T801,NULL,NULL,NA,NULL,NULL,NULL,Current
187,SA-M198,NULL,NULL,NA,NULL,NULL,NULL,Current
188,SA-M237,NULL,NULL,NA,NULL,NULL,NULL,Current
189,SA-M687,NULL,NULL,NA,NULL,NULL,NULL,Current
190,SA-R127,NULL,NULL,NA,NULL,NULL,NULL,Current
191,SA-R430,NULL,NULL,NA,NULL,NULL,NULL,Current
192,SA-R522,NULL,NULL,NA,NULL,NULL,NULL,Current
193,SA-T467,NULL,NULL,NA,NULL,NULL,NULL,Current
194,SA-T612,NULL,NULL,NA,NULL,NULL,NULL,Current
195,SA-T872,NULL,NULL,NA,NULL,NULL,NULL,Current
196,SD-2342,NULL,NULL,NA,NULL,NULL,NULL,Current
197,SD-9872,NULL,NULL,NA,NULL,NULL,NULL,Current
198,SH-4562,NULL,NULL,NA,NULL,NULL,NULL,Current
199,SH-9312,NULL,NULL,NA,NULL,NULL,NULL,Current
200,SK-9283,NULL,NULL,NA,NULL,NULL,NULL,Current
201,SL-0931,NULL,NULL,NA,NULL,NULL,NULL,Current
202,SM-9087,NULL,NULL,NA,NULL,NULL,NULL,Current
203,SP-2981,NULL,NULL,NA,NULL,NULL,NULL,Current
204,SR-2098,NULL,NULL,NA,NULL,NULL,NULL,Current
205,SS-2985,NULL,NULL,NA,NULL,NULL,NULL,Current
206,ST-9828,NULL,NULL,NA,NULL,NULL,NULL,Current
207,TO-2301,NULL,NULL,NA,NULL,NULL,NULL,Current
208,TP-0923,NULL,NULL,NA,NULL,NULL,NULL,Current
209,RC-0291,NULL,NULL,Silver,NULL,NULL,NULL,Current
210,FR-R92B-58,Road Frames,Components,Black,58,"R ",HL Road Frame,Current
211,FR-R92R-58,Road Frames,Components,Red,58,"R ",HL Road Frame,Current
212,HL-U509-R,Helmets,Accessories,Red,NULL,"S ",Sport-100,outdate
213,HL-U509-R,Helmets,Accessories,Red,NULL,"S ",Sport-100,outdate
214,HL-U509-R,Helmets,Accessories,Red,NULL,"S ",Sport-100,Current
215,HL-U509,Helmets,Accessories,Black,NULL,"S ",Sport-100,outdate
216,HL-U509,Helmets,Accessories,Black,NULL,"S ",Sport-100,outdate
217,HL-U509,Helmets,Accessories,Black,NULL,"S ",Sport-100,Current
218,SO-B909-M,Socks,Clothing,White,M,"M ",Mountain Bike Socks,outdate
219,SO-B909-L,Socks,Clothing,White,L,"M ",Mountain Bike Socks,outdate
220,HL-U509-B,Helmets,Accessories,Blue,NULL,"S ",Sport-100,outdate
221,HL-U509-B,Helmets,Accessories,Blue,NULL,"S ",Sport-100,outdate
222,HL-U509-B,Helmets,Accessories,Blue,NULL,"S ",Sport-100,Current
223,CA-1098,Caps,Clothing,Multi,NULL,"S ",Cycling Cap,outdate
224,CA-1098,Caps,Clothing,Multi,NULL,"S ",Cycling Cap,outdate
225,CA-1098,Caps,Clothing,Multi,NULL,"S ",Cycling Cap,Current
226,LJ-0192-S,Jerseys,Clothing,Multi,S,"S ",Long-Sleeve Logo Jersey,outdate
227,LJ-0192-S,Jerseys,Clothing,Multi,S,"S ",Long-Sleeve Logo Jersey,outdate
228,LJ-0192-S,Jerseys,Clothing,Multi,S,"S ",Long-Sleeve Logo Jersey,Current
229,LJ-0192-M,Jerseys,Clothing,Multi,M,"S ",Long-Sleeve Logo Jersey,outdate
230,LJ-0192-M,Jerseys,Clothing,Multi,M,"S ",Long-Sleeve Logo Jersey,outdate
231,LJ-0192-M,Jerseys,Clothing,Multi,M,"S ",Long-Sleeve Logo Jersey,Current
232,LJ-0192-L,Jerseys,Clothing,Multi,L,"S ",Long-Sleeve Logo Jersey,outdate
233,LJ-0192-L,Jerseys,Clothing,Multi,L,"S ",Long-Sleeve Logo Jersey,outdate
234,LJ-0192-L,Jerseys,Clothing,Multi,L,"S ",Long-Sleeve Logo Jersey,Current
235,LJ-0192-X,Jerseys,Clothing,Multi,XL,"S ",Long-Sleeve Logo Jersey,outdate
236,LJ-0192-X,Jerseys,Clothing,Multi,XL,"S ",Long-Sleeve Logo Jersey,outdate
237,LJ-0192-X,Jerseys,Clothing,Multi,XL,"S ",Long-Sleeve Logo Jersey,Current
238,FR-R92R-62,Road Frames,Components,Red,62,"R ",HL Road Frame,outdate
239,FR-R92R-62,Road Frames,Components,Red,62,"R ",HL Road Frame,outdate
240,FR-R92R-62,Road Frames,Components,Red,62,"R ",HL Road Frame,Current
241,FR-R92R-44,Road Frames,Components,Red,44,"R ",HL Road Frame,outdate
242,FR-R92R-44,Road Frames,Components,Red,44,"R ",HL Road Frame,outdate
243,FR-R92R-44,Road Frames,Components,Red,44,"R ",HL Road Frame,Current
244,FR-R92R-48,Road Frames,Components,Red,48,"R ",HL Road Frame,outdate
245,FR-R92R-48,Road Frames,Components,Red,48,"R ",HL Road Frame,outdate
246,FR-R92R-48,Road Frames,Components,Red,48,"R ",HL Road Frame,Current
247,FR-R92R-52,Road Frames,Components,Red,52,"R ",HL Road Frame,outdate
248,FR-R92R-52,Road Frames,Components,Red,52,"R ",HL Road Frame,outdate
249,FR-R92R-52,Road Frames,Components,Red,52,"R ",HL Road Frame,Current
250,FR-R92R-56,Road Frames,Components,Red,56,"R ",HL Road Frame,outdate
251,FR-R92R-56,Road Frames,Components,Red,56,"R ",HL Road Frame,outdate
252,FR-R92R-56,Road Frames,Components,Red,56,"R ",HL Road Frame,Current
253,FR-R38B-58,Road Frames,Components,Black,58,"R ",LL Road Frame,outdate
254,FR-R38B-58,Road Frames,Components,Black,58,"R ",LL Road Frame,outdate
255,FR-R38B-58,Road Frames,Components,Black,58,"R ",LL Road Frame,Current
256,FR-R38B-60,Road Frames,Components,Black,60,"R ",LL Road Frame,outdate
257,FR-R38B-60,Road Frames,Components,Black,60,"R ",LL Road Frame,outdate
258,FR-R38B-60,Road Frames,Components,Black,60,"R ",LL Road Frame,Current
259,FR-R38B-62,Road Frames,Components,Black,62,"R ",LL Road Frame,outdate
260,FR-R38B-62,Road Frames,Components,Black,62,"R ",LL Road Frame,outdate
261,FR-R38B-62,Road Frames,Components,Black,62,"R ",LL Road Frame,Current
262,FR-R38R-44,Road Frames,Components,Red,44,"R ",LL Road Frame,outdate
263,FR-R38R-44,Road Frames,Components,Red,44,"R ",LL Road Frame,outdate
264,FR-R38R-48,Road Frames,Components,Red,48,"R ",LL Road Frame,outdate
265,FR-R38R-48,Road Frames,Components,Red,48,"R ",LL Road Frame,outdate
266,FR-R38R-52,Road Frames,Components,Red,52,"R ",LL Road Frame,outdate
267,FR-R38R-52,Road Frames,Components,Red,52,"R ",LL Road Frame,outdate
268,FR-R38R-58,Road Frames,Components,Red,58,"R ",LL Road Frame,outdate
269,FR-R38R-58,Road Frames,Components,Red,58,"R ",LL Road Frame,outdate
270,FR-R38R-60,Road Frames,Components,Red,60,"R ",LL Road Frame,outdate
271,FR-R38R-60,Road Frames,Components,Red,60,"R ",LL Road Frame,outdate
272,FR-R38R-62,Road Frames,Components,Red,62,"R ",LL Road Frame,outdate
273,FR-R38R-62,Road Frames,Components,Red,62,"R ",LL Road Frame,outdate
274,FR-R72R-44,Road Frames,Components,Red,44,"R ",ML Road Frame,outdate
275,FR-R72R-48,Road Frames,Components,Red,48,"R ",ML Road Frame,outdate
276,FR-R72R-52,Road Frames,Components,Red,52,"R ",ML Road Frame,outdate
277,FR-R72R-58,Road Frames,Components,Red,58,"R ",ML Road Frame,outdate
278,FR-R72R-60,Road Frames,Components,Red,60,"R ",ML Road Frame,outdate
279,FR-R38B-44,Road Frames,Components,Black,44,"R ",LL Road Frame,outdate
280,FR-R38B-44,Road Frames,Components,Black,44,"R ",LL Road Frame,outdate
281,FR-R38B-44,Road Frames,Components,Black,44,"R ",LL Road Frame,Current
282,FR-R38B-48,Road Frames,Components,Black,48,"R ",LL Road Frame,outdate
283,FR-R38B-48,Road Frames,Components,Black,48,"R ",LL Road Frame,outdate
284,FR-R38B-48,Road Frames,Components,Black,48,"R ",LL Road Frame,Current
285,FR-R38B-52,Road Frames,Components,Black,52,"R ",LL Road Frame,outdate
286,FR-R38B-52,Road Frames,Components,Black,52,"R ",LL Road Frame,outdate
287,FR-R38B-52,Road Frames,Components,Black,52,"R ",LL Road Frame,Current
288,FR-M94S-42,Mountain Frames,Components,Silver,42,"M ",HL Mountain Frame,outdate
289,FR-M94S-42,Mountain Frames,Components,Silver,42,"M ",HL Mountain Frame,outdate
290,FR-M94S-42,Mountain Frames,Components,Silver,42,"M ",HL Mountain Frame,Current
291,FR-M94S-44,Mountain Frames,Components,Silver,44,"M ",HL Mountain Frame,outdate
292,FR-M94S-52,Mountain Frames,Components,Silver,48,"M ",HL Mountain Frame,outdate
293,FR-M94S-46,Mountain Frames,Components,Silver,46,"M ",HL Mountain Frame,outdate
294,FR-M94S-46,Mountain Frames,Components,Silver,46,"M ",HL Mountain Frame,outdate
295,FR-M94S-46,Mountain Frames,Components,Silver,46,"M ",HL Mountain Frame,Current
296,FR-M94B-42,Mountain Frames,Components,Black,42,"M ",HL Mountain Frame,outdate
297,FR-M94B-42,Mountain Frames,Components,Black,42,"M ",HL Mountain Frame,outdate
298,FR-M94B-42,Mountain Frames,Components,Black,42,"M ",HL Mountain Frame,Current
299,FR-M94B-44,Mountain Frames,Components,Black,44,"M ",HL Mountain Frame,outdate
300,FR-M94B-48,Mountain Frames,Components,Black,48,"M ",HL Mountain Frame,outdate
301,FR-M94B-46,Mountain Frames,Components,Black,46,"M ",HL Mountain Frame,outdate
302,FR-M94B-46,Mountain Frames,Components,Black,46,"M ",HL Mountain Frame,outdate
303,FR-M94B-46,Mountain Frames,Components,Black,46,"M ",HL Mountain Frame,Current
304,FR-M94B-38,Mountain Frames,Components,Black,38,"M ",HL Mountain Frame,outdate
305,FR-M94B-38,Mountain Frames,Components,Black,38,"M ",HL Mountain Frame,outdate
306,FR-M94B-38,Mountain Frames,Components,Black,38,"M ",HL Mountain Frame,Current
307,FR-M94S-38,Mountain Frames,Components,Silver,38,"M ",HL Mountain Frame,outdate
308,FR-M94S-38,Mountain Frames,Components,Silver,38,"M ",HL Mountain Frame,outdate
309,FR-M94S-38,Mountain Frames,Components,Silver,38,"M ",HL Mountain Frame,Current
310,BK-R93R-62,Road Bikes,Bikes,Red,62,"R ",Road-150,outdate
311,BK-R93R-44,Road Bikes,Bikes,Red,44,"R ",Road-150,outdate
312,BK-R93R-48,Road Bikes,Bikes,Red,48,"R ",Road-150,outdate
313,BK-R93R-52,Road Bikes,Bikes,Red,52,"R ",Road-150,outdate
314,BK-R93R-56,Road Bikes,Bikes,Red,56,"R ",Road-150,outdate
315,BK-R68R-58,Road Bikes,Bikes,Red,58,"R ",Road-450,outdate
316,BK-R68R-60,Road Bikes,Bikes,Red,60,"R ",Road-450,outdate
317,BK-R68R-44,Road Bikes,Bikes,Red,44,"R ",Road-450,outdate
318,BK-R68R-48,Road Bikes,Bikes,Red,48,"R ",Road-450,outdate
319,BK-R68R-52,Road Bikes,Bikes,Red,52,"R ",Road-450,outdate
320,BK-R50R-58,Road Bikes,Bikes,Red,58,"R ",Road-650,outdate
321,BK-R50R-58,Road Bikes,Bikes,Red,58,"R ",Road-650,outdate
322,BK-R50R-60,Road Bikes,Bikes,Red,60,"R ",Road-650,outdate
323,BK-R50R-60,Road Bikes,Bikes,Red,60,"R ",Road-650,outdate
324,BK-R50R-62,Road Bikes,Bikes,Red,62,"R ",Road-650,outdate
325,BK-R50R-62,Road Bikes,Bikes,Red,62,"R ",Road-650,outdate
326,BK-R50R-44,Road Bikes,Bikes,Red,44,"R ",Road-650,outdate
327,BK-R50R-44,Road Bikes,Bikes,Red,44,"R ",Road-650,outdate
328,BK-R50R-48,Road Bikes,Bikes,Red,48,"R ",Road-650,outdate
329,BK-R50R-48,Road Bikes,Bikes,Red,48,"R ",Road-650,outdate
330,BK-R50R-52,Road Bikes,Bikes,Red,52,"R ",Road-650,outdate
331,BK-R50R-52,Road Bikes,Bikes,Red,52,"R ",Road-650,outdate
332,BK-R50B-58,Road Bikes,Bikes,Black,58,"R ",Road-650,outdate
333,BK-R50B-58,Road Bikes,Bikes,Black,58,"R ",Road-650,outdate
334,BK-R50B-60,Road Bikes,Bikes,Black,60,"R ",Road-650,outdate
335,BK-R50B-60,Road Bikes,Bikes,Black,60,"R ",Road-650,outdate
336,BK-R50B-62,Road Bikes,Bikes,Black,62,"R ",Road-650,outdate
337,BK-R50B-62,Road Bikes,Bikes,Black,62,"R ",Road-650,outdate
338,BK-R50B-44,Road Bikes,Bikes,Black,44,"R ",Road-650,outdate
339,BK-R50B-44,Road Bikes,Bikes,Black,44,"R ",Road-650,outdate
340,BK-R50B-48,Road Bikes,Bikes,Black,48,"R ",Road-650,outdate
341,BK-R50B-48,Road Bikes,Bikes,Black,48,"R ",Road-650,outdate
342,BK-R50B-52,Road Bikes,Bikes,Black,52,"R ",Road-650,outdate
343,BK-R50B-52,Road Bikes,Bikes,Black,52,"R ",Road-650,outdate
344,BK-M82S-38,Mountain Bikes,Bikes,Silver,38,"M ",Mountain-100,outdate
345,BK-M82S-42,Mountain Bikes,Bikes,Silver,42,"M ",Mountain-100,outdate
346,BK-M82S-44,Mountain Bikes,Bikes,Silver,44,"M ",Mountain-100,outdate
347,BK-M82S-48,Mountain Bikes,Bikes,Silver,48,"M ",Mountain-100,outdate
348,BK-M82B-38,Mountain Bikes,Bikes,Black,38,"M ",Mountain-100,outdate
349,BK-M82B-42,Mountain Bikes,Bikes,Black,42,"M ",Mountain-100,outdate
350,BK-M82B-44,Mountain Bikes,Bikes,Black,44,"M ",Mountain-100,outdate
351,BK-M82B-48,Mountain Bikes,Bikes,Black,48,"M ",Mountain-100,outdate
352,BK-M68S-38,Mountain Bikes,Bikes,Silver,38,"M ",Mountain-200,outdate
353,BK-M68S-38,Mountain Bikes,Bikes,Silver,38,"M ",Mountain-200,Current
354,BK-M68S-42,Mountain Bikes,Bikes,Silver,42,"M ",Mountain-200,outdate
355,BK-M68S-42,Mountain Bikes,Bikes,Silver,42,"M ",Mountain-200,Current
356,BK-M68S-46,Mountain Bikes,Bikes,Silver,46,"M ",Mountain-200,outdate
357,BK-M68S-46,Mountain Bikes,Bikes,Silver,46,"M ",Mountain-200,Current
358,BK-M68B-38,Mountain Bikes,Bikes,Black,38,"M ",Mountain-200,outdate
359,BK-M68B-38,Mountain Bikes,Bikes,Black,38,"M ",Mountain-200,Current
360,BK-M68B-42,Mountain Bikes,Bikes,Black,42,"M ",Mountain-200,outdate
361,BK-M68B-42,Mountain Bikes,Bikes,Black,42,"M ",Mountain-200,Current
362,BK-M68B-46,Mountain Bikes,Bikes,Black,46,"M ",Mountain-200,outdate
363,BK-M68B-46,Mountain Bikes,Bikes,Black,46,"M ",Mountain-200,Current
364,BK-M47B-38,Mountain Bikes,Bikes,Black,38,"M ",Mountain-300,outdate
365,BK-M47B-40,Mountain Bikes,Bikes,Black,40,"M ",Mountain-300,outdate
366,BK-M47B-44,Mountain Bikes,Bikes,Black,44,"M ",Mountain-300,outdate
367,BK-M47B-48,Mountain Bikes,Bikes,Black,48,"M ",Mountain-300,outdate
368,BK-R89R-44,Road Bikes,Bikes,Red,44,"R ",Road-250,outdate
369,BK-R89R-48,Road Bikes,Bikes,Red,48,"R ",Road-250,outdate
370,BK-R89R-52,Road Bikes,Bikes,Red,52,"R ",Road-250,outdate
371,BK-R89R-58,Road Bikes,Bikes,Red,58,"R ",Road-250,outdate
372,BK-R89R-58,Road Bikes,Bikes,Red,58,"R ",Road-250,Current
373,BK-R89B-44,Road Bikes,Bikes,Black,44,"R ",Road-250,outdate
374,BK-R89B-44,Road Bikes,Bikes,Black,44,"R ",Road-250,Current
375,BK-R89B-48,Road Bikes,Bikes,Black,48,"R ",Road-250,outdate
376,BK-R89B-48,Road Bikes,Bikes,Black,48,"R ",Road-250,Current
377,BK-R89B-52,Road Bikes,Bikes,Black,52,"R ",Road-250,outdate
378,BK-R89B-52,Road Bikes,Bikes,Black,52,"R ",Road-250,Current
379,BK-R89B-58,Road Bikes,Bikes,Black,58,"R ",Road-250,outdate
380,BK-R89B-58,Road Bikes,Bikes,Black,58,"R ",Road-250,Current
381,BK-R64Y-38,Road Bikes,Bikes,Yellow,38,"R ",Road-550-W,outdate
382,BK-R64Y-38,Road Bikes,Bikes,Yellow,38,"R ",Road-550-W,Current
383,BK-R64Y-40,Road Bikes,Bikes,Yellow,40,"R ",Road-550-W,outdate
384,BK-R64Y-40,Road Bikes,Bikes,Yellow,40,"R ",Road-550-W,Current
385,BK-R64Y-42,Road Bikes,Bikes,Yellow,42,"R ",Road-550-W,outdate
386,BK-R64Y-42,Road Bikes,Bikes,Yellow,42,"R ",Road-550-W,Current
387,BK-R64Y-44,Road Bikes,Bikes,Yellow,44,"R ",Road-550-W,outdate
388,BK-R64Y-44,Road Bikes,Bikes,Yellow,44,"R ",Road-550-W,Current
389,BK-R64Y-48,Road Bikes,Bikes,Yellow,48,"R ",Road-550-W,outdate
390,BK-R64Y-48,Road Bikes,Bikes,Yellow,48,"R ",Road-550-W,Current
391,FK-1639,Forks,Components,NA,NULL,NULL,LL Fork,outdate
392,FK-5136,Forks,Components,NA,NULL,NULL,ML Fork,outdate
393,FK-9939,Forks,Components,NA,NULL,NULL,HL Fork,outdate
394,HS-0296,Headsets,Components,NA,NULL,NULL,LL Headset,outdate
395,HS-2451,Headsets,Components,NA,NULL,NULL,ML Headset,outdate
396,HS-3479,Headsets,Components,NA,NULL,NULL,HL Headset,outdate
397,HB-M243,Handlebars,Components,NA,NULL,"M ",LL Mountain Handlebars,outdate
398,HB-M243,Handlebars,Components,NA,NULL,"M ",LL Mountain Handlebars,Current
399,HB-M763,Handlebars,Components,NA,NULL,"M ",ML Mountain Handlebars,outdate
400,HB-M763,Handlebars,Components,NA,NULL,"M ",ML Mountain Handlebars,Current
401,HB-M918,Handlebars,Components,NA,NULL,"M ",HL Mountain Handlebars,outdate
402,HB-M918,Handlebars,Components,NA,NULL,"M ",HL Mountain Handlebars,Current
403,HB-R504,Handlebars,Components,NA,NULL,"R ",LL Road Handlebars,outdate
404,HB-R504,Handlebars,Components,NA,NULL,"R ",LL Road Handlebars,Current
405,HB-R720,Handlebars,Components,NA,NULL,"R ",ML Road Handlebars,outdate
406,HB-R720,Handlebars,Components,NA,NULL,"R ",ML Road Handlebars,Current
407,HB-R956,Handlebars,Components,NA,NULL,"R ",HL Road Handlebars,outdate
408,HB-R956,Handlebars,Components,NA,NULL,"R ",HL Road Handlebars,Current
409,FR-M63B-38,Mountain Frames,Components,Black,38,"M ",ML Mountain Frame-W,outdate
410,FW-M423,Wheels,Components,Black,NULL,"M ",LL Mountain Front Wheel,outdate
411,FW-M762,Wheels,Components,Black,NULL,"M ",ML Mountain Front Wheel,outdate
412,FW-M928,Wheels,Components,Black,NULL,"M ",HL Mountain Front Wheel,outdate
413,FW-R623,Wheels,Components,Black,NULL,"R ",LL Road Front Wheel,outdate
414,FW-R762,Wheels,Components,Black,NULL,"R ",ML Road Front Wheel,outdate
415,FW-R820,Wheels,Components,Black,NULL,"R ",HL Road Front Wheel,outdate
416,FW-T905,Wheels,Components,Black,NULL,"T ",Touring Front Wheel,outdate
417,FR-R72Y-38,Road Frames,Components,Yellow,38,"R ",ML Road Frame-W,outdate
418,FR-R72Y-38,Road Frames,Components,Yellow,38,"R ",ML Road Frame-W,Current
419,RW-M423,Wheels,Components,Black,NULL,"M ",LL Mountain Rear Wheel,outdate
420,RW-M762,Wheels,Components,Black,NULL,"M ",ML Mountain Rear Wheel,outdate
421,RW-M928,Wheels,Components,Black,NULL,"M ",HL Mountain Rear Wheel,outdate
422,RW-R623,Wheels,Components,Black,NULL,"R ",LL Road Rear Wheel,outdate
423,RW-R762,Wheels,Components,Black,NULL,"R ",ML Road Rear Wheel,outdate
424,RW-R820,Wheels,Components,Black,NULL,"R ",HL Road Rear Wheel,outdate
425,RW-T905,Wheels,Components,Black,NULL,"T ",Touring Rear Wheel,outdate
426,FR-M63B-40,Mountain Frames,Components,Black,40,"M ",ML Mountain Frame,outdate
427,FR-M63B-44,Mountain Frames,Components,Black,44,"M ",ML Mountain Frame,outdate
428,FR-M63B-48,Mountain Frames,Components,Black,48,"M ",ML Mountain Frame,outdate
429,FR-R72Y-40,Road Frames,Components,Yellow,40,"R ",ML Road Frame-W,outdate
430,FR-R72Y-40,Road Frames,Components,Yellow,40,"R ",ML Road Frame-W,Current
431,FR-R72Y-42,Road Frames,Components,Yellow,42,"R ",ML Road Frame-W,outdate
432,FR-R72Y-42,Road Frames,Components,Yellow,42,"R ",ML Road Frame-W,Current
433,FR-R72Y-44,Road Frames,Components,Yellow,44,"R ",ML Road Frame-W,outdate
434,FR-R72Y-44,Road Frames,Components,Yellow,44,"R ",ML Road Frame-W,Current
435,FR-R72Y-48,Road Frames,Components,Yellow,48,"R ",ML Road Frame-W,outdate
436,FR-R72Y-48,Road Frames,Components,Yellow,48,"R ",ML Road Frame-W,Current
437,FR-R92B-62,Road Frames,Components,Black,62,"R ",HL Road Frame,outdate
438,FR-R92B-62,Road Frames,Components,Black,62,"R ",HL Road Frame,Current
439,FR-R92B-44,Road Frames,Components,Black,44,"R ",HL Road Frame,outdate
440,FR-R92B-44,Road Frames,Components,Black,44,"R ",HL Road Frame,Current
441,FR-R92B-48,Road Frames,Components,Black,48,"R ",HL Road Frame,outdate
442,FR-R92B-48,Road Frames,Components,Black,48,"R ",HL Road Frame,Current
443,FR-R92B-52,Road Frames,Components,Black,52,"R ",HL Road Frame,outdate
444,FR-R92B-52,Road Frames,Components,Black,52,"R ",HL Road Frame,Current
445,SH-M897-S,Shorts,Clothing,Black,S,"S ",Men's Sports Shorts,outdate
446,PA-T100,Panniers,Accessories,Grey,NULL,"T ",Touring-Panniers,outdate
447,LO-C100,Locks,Accessories,NA,NULL,"S ",Cable Lock,outdate
448,PU-0452,Pumps,Accessories,NA,NULL,"S ",Minipump,outdate
449,PU-M044,Pumps,Accessories,NA,NULL,"M ",Mountain Pump,outdate
450,LT-T990,Lights,Accessories,NA,NULL,"R ",Taillight,outdate
451,LT-H902,Lights,Accessories,NA,NULL,"R ",Headlights - Dual-Beam,outdate
452,LT-H903,Lights,Accessories,NA,NULL,"R ",Headlights - Weatherproof,outdate
453,SH-M897-M,Shorts,Clothing,Black,M,"S ",Men's Sports Shorts,outdate
454,SH-M897-L,Shorts,Clothing,Black,L,"S ",Men's Sports Shorts,outdate
455,SH-M897-X,Shorts,Clothing,Black,XL,"S ",Men's Sports Shorts,outdate
456,TG-W091-S,Tights,Clothing,Black,S,"S ",Women's Tights,outdate
457,TG-W091-M,Tights,Clothing,Black,M,"S ",Women's Tights,outdate
458,TG-W091-L,Tights,Clothing,Black,L,"S ",Women's Tights,outdate
459,SB-M891-S,Bib-Shorts,Clothing,Multi,S,"S ",Men's Bib-Shorts,outdate
460,SB-M891-M,Bib-Shorts,Clothing,Multi,M,"S ",Men's Bib-Shorts,outdate
461,SB-M891-L,Bib-Shorts,Clothing,Multi,L,"S ",Men's Bib-Shorts,outdate
462,GL-H102-S,Gloves,Clothing,Black,S,"S ",Half-Finger Gloves,outdate
463,GL-H102-S,Gloves,Clothing,Black,S,"S ",Half-Finger Gloves,Current
464,GL-H102-M,Gloves,Clothing,Black,M,"S ",Half-Finger Gloves,outdate
465,GL-H102-M,Gloves,Clothing,Black,M,"S ",Half-Finger Gloves,Current
466,GL-H102-L,Gloves,Clothing,Black,L,"S ",Half-Finger Gloves,outdate
467,GL-H102-L,Gloves,Clothing,Black,L,"S ",Half-Finger Gloves,Current
468,GL-F110-S,Gloves,Clothing,Black,S,"M ",Full-Finger Gloves,outdate
469,GL-F110-M,Gloves,Clothing,Black,M,"M ",Full-Finger Gloves,outdate
470,GL-F110-L,Gloves,Clothing,Black,L,"M ",Full-Finger Gloves,outdate
471,VE-C304-S,Vests,Clothing,Blue,S,"S ",Classic Vest,Current
472,VE-C304-M,Vests,Clothing,Blue,M,"S ",Classic Vest,Current
473,VE-C304-L,Vests,Clothing,Blue,L,"S ",Classic Vest,Current
474,SH-W890-S,Shorts,Clothing,Black,S,"M ",Women's Mountain Shorts,Current
475,SH-W890-M,Shorts,Clothing,Black,M,"M ",Women's Mountain Shorts,Current
476,SH-W890-L,Shorts,Clothing,Black,L,"M ",Women's Mountain Shorts,Current
477,WB-H098,Bottles and Cages,Accessories,NA,NULL,"S ",Water Bottle,Current
478,BC-M005,Bottles and Cages,Accessories,NA,NULL,"M ",Mountain Bottle Cage,Current
479,BC-R205,Bottles and Cages,Accessories,NA,NULL,"R ",Road Bottle Cage,Current
480,PK-7098,Tires and Tubes,Accessories,NA,NULL,"S ",Patch kit,Current
481,SO-R809-M,Socks,Clothing,White,M,"R ",Racing Socks,Current
482,SO-R809-L,Socks,Clothing,White,L,"R ",Racing Socks,Current
483,RA-H123,Bike Racks,Accessories,NA,NULL,"S ",Hitch Rack - 4-Bike,Current
484,CL-9009,Cleaners,Accessories,NA,NULL,"S ",Bike Wash,Current
485,FE-6654,Fenders,Accessories,NA,NULL,"M ",Fender Set - Mountain,Current
486,ST-1401,Bike Stands,Accessories,NA,NULL,"M ",All-Purpose Bike Stand,Current
487,HY-1023-70,Hydration Packs,Accessories,Silver,70,"S ",Hydration Pack,Current
488,SJ-0194-S,Jerseys,Clothing,Yellow,S,"S ",Short-Sleeve Classic Jersey,Current
489,SJ-0194-M,Jerseys,Clothing,Yellow,M,"S ",Short-Sleeve Classic Jersey,Current
490,SJ-0194-L,Jerseys,Clothing,Yellow,L,"S ",Short-Sleeve Classic Jersey,Current
491,SJ-0194-X,Jerseys,Clothing,Yellow,XL,"S ",Short-Sleeve Classic Jersey,Current
492,FR-T98Y-60,Touring Frames,Components,Yellow,60,"T ",HL Touring Frame,Current
493,FR-T67Y-62,Touring Frames,Components,Yellow,62,"T ",LL Touring Frame,Current
494,FR-T98Y-46,Touring Frames,Components,Yellow,46,"T ",HL Touring Frame,Current
495,FR-T98Y-50,Touring Frames,Components,Yellow,50,"T ",HL Touring Frame,Current
496,FR-T98Y-54,Touring Frames,Components,Yellow,54,"T ",HL Touring Frame,Current
497,FR-T98U-46,Touring Frames,Components,Blue,46,"T ",HL Touring Frame,Current
498,FR-T98U-50,Touring Frames,Components,Blue,50,"T ",HL Touring Frame,Current
499,FR-T98U-54,Touring Frames,Components,Blue,54,"T ",HL Touring Frame,Current
500,FR-T98U-60,Touring Frames,Components,Blue,60,"T ",HL Touring Frame,Current
501,RD-2308,Derailleurs,Components,Silver,NULL,NULL,Rear Derailleur,Current
502,FR-T67U-50,Touring Frames,Components,Blue,50,"T ",LL Touring Frame,Current
503,FR-T67U-54,Touring Frames,Components,Blue,54,"T ",LL Touring Frame,Current
504,FR-T67U-58,Touring Frames,Components,Blue,58,"T ",LL Touring Frame,Current
505,FR-T67U-62,Touring Frames,Components,Blue,62,"T ",LL Touring Frame,Current
506,FR-T67Y-44,Touring Frames,Components,Yellow,44,"T ",LL Touring Frame,Current
507,FR-T67Y-50,Touring Frames,Components,Yellow,50,"T ",LL Touring Frame,Current
508,FR-T67Y-54,Touring Frames,Components,Yellow,54,"T ",LL Touring Frame,Current
509,FR-T67Y-58,Touring Frames,Components,Yellow,58,"T ",LL Touring Frame,Current
510,FR-T67U-44,Touring Frames,Components,Blue,44,"T ",LL Touring Frame,Current
511,FR-M63S-40,Mountain Frames,Components,Silver,40,"M ",ML Mountain Frame-W,Current
512,FR-M63S-42,Mountain Frames,Components,Silver,42,"M ",ML Mountain Frame-W,Current
513,FR-M63S-46,Mountain Frames,Components,Silver,46,"M ",ML Mountain Frame-W,Current
514,RB-9231,Brakes,Components,Silver,NULL,NULL,Rear Brakes,Current
515,SE-M236,Saddles,Components,NA,NULL,"M ",LL Mountain Seat/Saddle 2,Current
516,SE-M798,Saddles,Components,NA,NULL,"M ",ML Mountain Seat/Saddle 2,Current
517,SE-M940,Saddles,Components,NA,NULL,"M ",HL Mountain Seat/Saddle 2,Current
518,SE-R581,Saddles,Components,NA,NULL,"R ",LL Road Seat/Saddle 1,Current
519,SE-R908,Saddles,Components,NA,NULL,"T ",ML Road Seat/Saddle 2,Current
520,SE-R995,Saddles,Components,NA,NULL,"R ",HL Road Seat/Saddle 2,Current
521,SE-T312,Saddles,Components,NA,NULL,"T ",LL Touring Seat/Saddle,Current
522,SE-T762,Saddles,Components,NA,NULL,"T ",ML Touring Seat/Saddle,Current
523,SE-T924,Saddles,Components,NA,NULL,"T ",HL Touring Seat/Saddle,Current
524,FR-M21S-42,Mountain Frames,Components,Silver,42,"M ",LL Mountain Frame,Current
525,FR-M21S-44,Mountain Frames,Components,Silver,44,"M ",LL Mountain Frame,Current
526,FR-M21S-48,Mountain Frames,Components,Silver,48,"M ",LL Mountain Frame,Current
527,FR-M21S-52,Mountain Frames,Components,Silver,52,"M ",LL Mountain Frame,Current
528,TT-M928,Tires and Tubes,Accessories,NA,NULL,"M ",Mountain Tire Tube,Current
529,TT-R982,Tires and Tubes,Accessories,NA,NULL,"R ",Road Tire Tube,Current
530,TT-T092,Tires and Tubes,Accessories,NA,NULL,"T ",Touring Tire Tube,Current
531,FR-M21B-42,Mountain Frames,Components,Black,42,"M ",LL Mountain Frame,Current
532,FR-M21B-44,Mountain Frames,Components,Black,44,"M ",LL Mountain Frame,Current
533,FR-M21B-48,Mountain Frames,Components,Black,48,"M ",LL Mountain Frame,Current
534,FR-M21B-52,Mountain Frames,Components,Black,52,"M ",LL Mountain Frame,Current
535,TI-M267,Tires and Tubes,Accessories,NA,NULL,"M ",LL Mountain Tire,Current
536,TI-M602,Tires and Tubes,Accessories,NA,NULL,"M ",ML Mountain Tire,Current
537,TI-M823,Tires and Tubes,Accessories,NA,NULL,"M ",HL Mountain Tire,Current
538,TI-R092,Tires and Tubes,Accessories,NA,NULL,"R ",LL Road Tire,Current
539,TI-R628,Tires and Tubes,Accessories,NA,NULL,"R ",ML Road Tire,Current
540,TI-R982,Tires and Tubes,Accessories,NA,NULL,"R ",HL Road Tire,Current
541,TI-T723,Tires and Tubes,Accessories,NA,NULL,"T ",Touring Tire,Current
542,PD-M282,Pedals,Components,Silver/Black,NULL,"M ",LL Mountain Pedal,Current
543,PD-M340,Pedals,Components,Silver/Black,NULL,"M ",ML Mountain Pedal,Current
544,PD-M562,Pedals,Components,Silver/Black,NULL,"M ",HL Mountain Pedal,Current
545,PD-R347,Pedals,Components,Silver/Black,NULL,"R ",LL Road Pedal,Current
546,PD-R563,Pedals,Components,Silver/Black,NULL,"R ",ML Road Pedal,Current
547,PD-R853,Pedals,Components,Silver/Black,NULL,"R ",HL Road Pedal,Current
548,PD-T852,Pedals,Components,Silver/Black,NULL,"T ",Touring Pedal,Current
549,FR-M63S-38,Mountain Frames,Components,Silver,38,"M ",ML Mountain Frame-W,Current
550,FR-M21B-40,Mountain Frames,Components,Black,40,"M ",LL Mountain Frame,Current
551,FR-M21S-40,Mountain Frames,Components,Silver,40,"M ",LL Mountain Frame,Current
552,FD-2342,Derailleurs,Components,Silver,NULL,NULL,Front Derailleur,Current
553,HB-T721,Handlebars,Components,NA,NULL,"T ",LL Touring Handlebars,Current
554,HB-T928,Handlebars,Components,NA,NULL,"T ",HL Touring Handlebars,Current
555,FB-9873,Brakes,Components,Silver,NULL,NULL,Front Brakes,Current
556,CS-4759,Cranksets,Components,Black,NULL,NULL,LL Crankset,Current
557,CS-6583,Cranksets,Components,Black,NULL,NULL,ML Crankset,Current
558,CS-9183,Cranksets,Components,Black,NULL,NULL,HL Crankset,Current
559,CH-0234,Chains,Components,Silver,NULL,NULL,Chain,Current
560,BK-T44U-60,Touring Bikes,Bikes,Blue,60,"T ",Touring-2000,Current
561,BK-T79Y-46,Touring Bikes,Bikes,Yellow,46,"T ",Touring-1000,Current
562,BK-T79Y-50,Touring Bikes,Bikes,Yellow,50,"T ",Touring-1000,Current
563,BK-T79Y-54,Touring Bikes,Bikes,Yellow,54,"T ",Touring-1000,Current
564,BK-T79Y-60,Touring Bikes,Bikes,Yellow,60,"T ",Touring-1000,Current
565,BK-T18U-54,Touring Bikes,Bikes,Blue,54,"T ",Touring-3000,Current
566,BK-T18U-58,Touring Bikes,Bikes,Blue,58,"T ",Touring-3000,Current
567,BK-T18U-62,Touring Bikes,Bikes,Blue,62,"T ",Touring-3000,Current
568,BK-T18Y-44,Touring Bikes,Bikes,Yellow,44,"T ",Touring-3000,Current
569,BK-T18Y-50,Touring Bikes,Bikes,Yellow,50,"T ",Touring-3000,Current
570,BK-T18Y-54,Touring Bikes,Bikes,Yellow,54,"T ",Touring-3000,Current
571,BK-T18Y-58,Touring Bikes,Bikes,Yellow,58,"T ",Touring-3000,Current
572,BK-T18Y-62,Touring Bikes,Bikes,Yellow,62,"T ",Touring-3000,Current
573,BK-T79U-46,Touring Bikes,Bikes,Blue,46,"T ",Touring-1000,Current
574,BK-T79U-50,Touring Bikes,Bikes,Blue,50,"T ",Touring-1000,Current
575,BK-T79U-54,Touring Bikes,Bikes,Blue,54,"T ",Touring-1000,Current
576,BK-T79U-60,Touring Bikes,Bikes,Blue,60,"T ",Touring-1000,Current
577,BK-T44U-46,Touring Bikes,Bikes,Blue,46,"T ",Touring-2000,Current
578,BK-T44U-50,Touring Bikes,Bikes,Blue,50,"T ",Touring-2000,Current
579,BK-T44U-54,Touring Bikes,Bikes,Blue,54,"T ",Touring-2000,Current
580,BK-R79Y-40,Road Bikes,Bikes,Yellow,40,"R ",Road-350-W,Current
581,BK-R79Y-42,Road Bikes,Bikes,Yellow,42,"R ",Road-350-W,Current
582,BK-R79Y-44,Road Bikes,Bikes,Yellow,44,"R ",Road-350-W,Current
583,BK-R79Y-48,Road Bikes,Bikes,Yellow,48,"R ",Road-350-W,Current
584,BK-R19B-58,Road Bikes,Bikes,Black,58,"R ",Road-750,Current
585,BK-T18U-44,Touring Bikes,Bikes,Blue,44,"T ",Touring-3000,Current
586,BK-T18U-50,Touring Bikes,Bikes,Blue,50,"T ",Touring-3000,Current
587,BK-M38S-38,Mountain Bikes,Bikes,Silver,38,"M ",Mountain-400-W,Current
588,BK-M38S-40,Mountain Bikes,Bikes,Silver,40,"M ",Mountain-400-W,Current
589,BK-M38S-42,Mountain Bikes,Bikes,Silver,42,"M ",Mountain-400-W,Current
590,BK-M38S-46,Mountain Bikes,Bikes,Silver,46,"M ",Mountain-400-W,Current
591,BK-M18S-40,Mountain Bikes,Bikes,Silver,40,"M ",Mountain-500,Current
592,BK-M18S-42,Mountain Bikes,Bikes,Silver,42,"M ",Mountain-500,Current
593,BK-M18S-44,Mountain Bikes,Bikes,Silver,44,"M ",Mountain-500,Current
594,BK-M18S-48,Mountain Bikes,Bikes,Silver,48,"M ",Mountain-500,Current
595,BK-M18S-52,Mountain Bikes,Bikes,Silver,52,"M ",Mountain-500,Current
596,BK-M18B-40,Mountain Bikes,Bikes,Black,40,"M ",Mountain-500,Current
597,BK-M18B-42,Mountain Bikes,Bikes,Black,42,"M ",Mountain-500,Current
598,BK-M18B-44,Mountain Bikes,Bikes,Black,44,"M ",Mountain-500,Current
599,BK-M18B-48,Mountain Bikes,Bikes,Black,48,"M ",Mountain-500,Current
600,BK-M18B-52,Mountain Bikes,Bikes,Black,52,"M ",Mountain-500,Current
601,BB-7421,Bottom Brackets,Components,NA,NULL,NULL,LL Bottom Bracket,Current
602,BB-8107,Bottom Brackets,Components,NA,NULL,NULL,ML Bottom Bracket,Current
603,BB-9108,Bottom Brackets,Components,NA,NULL,NULL,HL Bottom Bracket,Current
604,BK-R19B-44,Road Bikes,Bikes,Black,44,"R ",Road-750,Current
605,BK-R19B-48,Road Bikes,Bikes,Black,48,"R ",Road-750,Current
606,BK-R19B-52,Road Bikes,Bikes,Black,52,"R ",Road-750,Current
